scenario,year,start_wallet,end_wallet,profit_usd,marked_return_pct,exit_net_return_pct,max_drawdown_pct,min_liquidation_room_pct,max_hold_days,max_step,fees_total,funding_paid_signed,turnover_notional,slippage_cost,cycles_completed_tp
baseline,'2021',133333.0,544154.207230788,410821.20723078796,307.52089462532746,307.51485156213994,14.39695218734196,63.781672616133456,7.513510821759259,10,83044.51406920896,0.0,330080919.8401022,5902.238899998846,23285
baseline,'2022',544154.207230788,903688.4750644864,359534.2678336984,66.15217034034997,66.15187258204148,50.237311956350496,13.49171433921216,14.974524270833333,12,72764.83976630101,0.0,289034144.7130028,5300.681800000814,8371
baseline,'2023',903688.4750644864,1038270.1054289013,134581.6303644149,14.959531456712249,14.96045745496366,8.918300302440208,100.0,46.56009303240741,9,28027.479035589582,0.0,108649677.51499975,2177.042999999865,2574
baseline,'2024',1038270.1054289013,1287049.5795407481,248779.47411184688,23.882910371501364,23.88211071667028,34.71084166352196,31.83236174232904,13.023814537037037,11,51045.53658815083,0.0,200361545.08809543,3747.405800000126,3794
baseline,'2025',1287049.5795407481,1703280.6735434649,416231.0940027167,32.42433835335805,32.42520697478162,37.05302890682336,28.39840617635325,11.677695405092592,11,84774.42949725882,0.0,334707316.52211,6105.432199999774,4784
baseline,'2026',1703280.6735434649,1947269.7970803205,243989.12353685568,14.314515579593245,14.31445682902337,17.005054133466313,62.507067399298734,12.331404918981482,10,49773.32916315063,0.0,196332688.71689296,3642.037399999361,2296
funding,'2021',133333.0,531044.813440853,397711.81344085303,297.73704007324,297.73099149630855,14.795471230648138,62.14196765589178,7.513516909722222,10,81525.47624811898,5736.93561101763,324140074.5916991,5791.293499998748,23231
funding,'2022',531044.813440853,881360.1115556996,350315.2981148466,66.04560346135575,66.0455551843077,27.199599518243765,33.503118301427364,14.97452329861111,11,70836.16157282023,-802.239187670848,281038106.8188963,5177.985100000629,8403
funding,'2023',881360.1115556996,1002997.1102020061,121636.99864630646,13.857487302156034,13.85824228311483,9.23559256516322,100.0,46.579622962962965,9,26443.303170549363,5686.485683142937,102749289.25729692,2036.544299999845,2505
funding,'2024',1002997.1102020061,1231320.9793660436,228323.86916403752,22.67521808971569,22.674381607877137,36.23763429410589,29.753565893932205,12.299320752314815,11,48990.2835924307,10143.154843546763,192090682.51169562,3606.357300000216,3792
funding,'2025',1231320.9793660436,1635346.2856310075,404025.30626496393,32.909451987533586,32.910365942264484,35.01903483025708,30.873284674671247,9.895369351851851,11,83651.35701241822,6219.798922591155,329948741.16579306,6053.755099999384,4932
funding,'2026',1635346.2856310075,1869120.1256251242,233773.8399941167,14.289207977446704,14.289244748603135,17.755079267346787,59.477314530963774,12.331380300925925,10,47668.33558867866,-131.52888279558465,187994777.21920562,3488.8873999994685,2291
slip1,'2021',133333.0,501587.2863722471,368254.2863722471,275.6487143259711,275.6404427066421,15.031605770962674,61.8044535831533,7.513862002314815,10,78778.54404735047,5557.967780405653,313162347.6734992,21589.73690000129,23260
slip1,'2022',501587.2863722471,805101.0642468757,303513.7778746286,60.59404948085938,60.59400279277425,26.1921624900329,35.254122434143866,14.9745225,11,64005.27223536084,-712.0371099879703,253989153.4605019,17770.493500001452,8163
slip1,'2023',805101.0642468757,912484.8561942044,107383.79194732872,13.396385917291354,13.397400552510641,9.26920426289428,100.0,46.56009924768519,9,24398.41924545981,5190.059107215565,94770380.80130267,6755.137300000177,2542
slip1,'2024',912484.8561942044,1113230.4281276413,200745.5719334369,21.91619441801098,21.91494331223678,35.21129637713093,29.95990574954669,13.023811516203704,11,45028.348863830295,9668.756602740013,176685836.7667004,12286.33100000029,3840
slip1,'2025',1113230.4281276413,1458680.4214771157,345449.9933494744,31.121904965867266,31.123228527489143,35.503924645595085,30.339685432456953,10.24246662037037,11,74572.35775919861,5612.326791310785,294334292.87789655,20355.897600000375,4907
slip1,'2026',1458680.4214771157,1658258.8818440388,199578.46036692313,13.674252717375236,13.674302204111255,16.564255179045993,60.38654274463371,12.331381539351852,10,42455.916046172206,-33.99101309211619,167441937.25590897,11662.821000000113,2274
slip2,'2021',133333.0,475513.1485998975,342180.1485998975,256.09918969789743,256.08817130083145,15.183341565614105,61.07225672664608,7.513516909722222,10,76387.08317491968,5233.836925181966,303752739.32650125,36142.23120000074,23292
slip2,'2022',475513.1485998975,756226.4496475746,280713.30104767706,59.11947807977749,59.119379697446696,27.63851795895349,32.775627823794856,14.974522048611112,11,61763.75184743942,-705.5995951277564,245138162.32829952,29419.53829999997,8371
slip2,'2023',756226.4496475746,851596.1963571828,95369.74670960824,12.675529905341643,12.67713785220639,8.997850615466518,100.0,46.560095625,9,22689.620997710794,4904.038692683447,88127731.25379395,10698.65129999962,2507
slip2,'2024',851596.1963571828,1029143.2135736183,177547.01721643552,20.76713632565246,20.765483667063545,34.42764129779099,31.0349014887024,13.165214282407407,11,41707.99645358152,8990.385629982076,163521510.6987983,19558.560500001797,3844
slip2,'2025',1029143.2135736183,1322235.8045554769,293092.59098185855,28.563605816751057,28.56529078337524,34.92378753020574,31.246223734407742,12.005373634259259,11,66275.4851504603,5930.032767685483,261674995.58439744,31203.58580000048,4759
slip2,'2026',1322235.8045554769,1493446.9496054118,171211.14504993497,12.974797901328783,12.973234321028727,16.66739012406534,60.39210549952052,12.331378483796296,10,38008.69021467125,-58.53256460205739,149963462.18011415,17955.847799998854,2250
