scenario,year,field,independent,reference,result
baseline,2021,exit_net_return_pct,307.51485156213994,307.51485156213994,MATCH
baseline,2021,marked_return_pct,307.52089462532746,307.52089462532746,MATCH
baseline,2021,start_wallet,133333.0,133333.0,MATCH
baseline,2021,end_wallet,544154.207230788,544154.207230788,MATCH
baseline,2021,profit_usd,410821.20723078796,410821.20723078796,MATCH
baseline,2021,max_drawdown_pct,14.39695218734196,14.39695218734196,MATCH
baseline,2021,min_liquidation_room_pct,63.781672616133456,63.781672616133456,MATCH
baseline,2021,max_hold_days,7.513510821759259,7.513510821759259,MATCH
baseline,2021,max_step,10,10,MATCH
baseline,2021,fees_total,83044.51406920896,83044.51406920896,MATCH
baseline,2021,funding_paid_signed,0.0,0.0,MATCH
baseline,2021,turnover_notional,330080919.8401022,330080919.8401022,MATCH
baseline,2021,slippage_cost,5902.238899998846,5902.238899998846,MATCH
baseline,2022,exit_net_return_pct,66.15187258204148,66.15187258204148,MATCH
baseline,2022,marked_return_pct,66.15217034034997,66.15217034034997,MATCH
baseline,2022,start_wallet,544154.207230788,544154.207230788,MATCH
baseline,2022,end_wallet,903688.4750644864,903688.4750644864,MATCH
baseline,2022,profit_usd,359534.2678336984,359534.2678336984,MATCH
baseline,2022,max_drawdown_pct,50.237311956350496,50.237311956350496,MATCH
baseline,2022,min_liquidation_room_pct,13.49171433921216,13.49171433921216,MATCH
baseline,2022,max_hold_days,14.974524270833333,14.974524270833333,MATCH
baseline,2022,max_step,12,12,MATCH
baseline,2022,fees_total,72764.83976630101,72764.83976630101,MATCH
baseline,2022,funding_paid_signed,0.0,0.0,MATCH
baseline,2022,turnover_notional,289034144.7130028,289034144.7130028,MATCH
baseline,2022,slippage_cost,5300.681800000814,5300.681800000814,MATCH
baseline,2023,exit_net_return_pct,14.96045745496366,14.96045745496366,MATCH
baseline,2023,marked_return_pct,14.959531456712249,14.959531456712249,MATCH
baseline,2023,start_wallet,903688.4750644864,903688.4750644864,MATCH
baseline,2023,end_wallet,1038270.1054289013,1038270.1054289013,MATCH
baseline,2023,profit_usd,134581.6303644149,134581.6303644149,MATCH
baseline,2023,max_drawdown_pct,8.918300302440208,8.918300302440208,MATCH
baseline,2023,min_liquidation_room_pct,100.0,100.0,MATCH
baseline,2023,max_hold_days,46.56009303240741,46.56009303240741,MATCH
baseline,2023,max_step,9,9,MATCH
baseline,2023,fees_total,28027.479035589582,28027.479035589582,MATCH
baseline,2023,funding_paid_signed,0.0,0.0,MATCH
baseline,2023,turnover_notional,108649677.51499975,108649677.51499975,MATCH
baseline,2023,slippage_cost,2177.042999999865,2177.042999999865,MATCH
baseline,2024,exit_net_return_pct,23.88211071667028,23.88211071667028,MATCH
baseline,2024,marked_return_pct,23.882910371501364,23.882910371501364,MATCH
baseline,2024,start_wallet,1038270.1054289013,1038270.1054289013,MATCH
baseline,2024,end_wallet,1287049.5795407481,1287049.5795407481,MATCH
baseline,2024,profit_usd,248779.47411184688,248779.47411184688,MATCH
baseline,2024,max_drawdown_pct,34.71084166352196,34.71084166352196,MATCH
baseline,2024,min_liquidation_room_pct,31.83236174232904,31.83236174232904,MATCH
baseline,2024,max_hold_days,13.023814537037037,13.023814537037037,MATCH
baseline,2024,max_step,11,11,MATCH
baseline,2024,fees_total,51045.53658815083,51045.53658815083,MATCH
baseline,2024,funding_paid_signed,0.0,0.0,MATCH
baseline,2024,turnover_notional,200361545.08809543,200361545.08809543,MATCH
baseline,2024,slippage_cost,3747.405800000126,3747.405800000126,MATCH
baseline,2025,exit_net_return_pct,32.42520697478162,32.42520697478162,MATCH
baseline,2025,marked_return_pct,32.42433835335805,32.42433835335805,MATCH
baseline,2025,start_wallet,1287049.5795407481,1287049.5795407481,MATCH
baseline,2025,end_wallet,1703280.6735434649,1703280.6735434649,MATCH
baseline,2025,profit_usd,416231.0940027167,416231.0940027167,MATCH
baseline,2025,max_drawdown_pct,37.05302890682336,37.05302890682336,MATCH
baseline,2025,min_liquidation_room_pct,28.39840617635325,28.39840617635325,MATCH
baseline,2025,max_hold_days,11.677695405092592,11.677695405092592,MATCH
baseline,2025,max_step,11,11,MATCH
baseline,2025,fees_total,84774.42949725882,84774.42949725882,MATCH
baseline,2025,funding_paid_signed,0.0,0.0,MATCH
baseline,2025,turnover_notional,334707316.52211,334707316.52211,MATCH
baseline,2025,slippage_cost,6105.432199999774,6105.432199999774,MATCH
baseline,2026,exit_net_return_pct,14.31445682902337,14.313700944917883,EXPLAINED
baseline,2026,marked_return_pct,14.314515579593245,14.3137543235758,EXPLAINED
baseline,2026,start_wallet,1703280.6735434649,1703280.6735434649,MATCH
baseline,2026,end_wallet,1947269.7970803205,1947269.7970803205,MATCH
baseline,2026,profit_usd,243989.12353685568,243989.12353685568,MATCH
baseline,2026,max_drawdown_pct,17.005054133466313,17.005054133466313,MATCH
baseline,2026,min_liquidation_room_pct,62.507067399298734,62.507067399298734,MATCH
baseline,2026,max_hold_days,12.331404918981482,12.331404918981482,MATCH
baseline,2026,max_step,10,10,MATCH
baseline,2026,fees_total,49773.32916315063,49773.32916315063,MATCH
baseline,2026,funding_paid_signed,0.0,0.0,MATCH
baseline,2026,turnover_notional,196332688.71689296,196332688.71689296,MATCH
baseline,2026,slippage_cost,3642.037399999361,3642.037399999361,MATCH
funding,2021,exit_net_return_pct,297.73099149630855,297.73099149630855,MATCH
funding,2021,marked_return_pct,297.73704007324,297.73704007324,MATCH
funding,2021,start_wallet,133333.0,133333.0,MATCH
funding,2021,end_wallet,531044.813440853,531044.813440853,MATCH
funding,2021,profit_usd,397711.81344085303,397711.81344085303,MATCH
funding,2021,max_drawdown_pct,14.795471230648138,14.795471230648138,MATCH
funding,2021,min_liquidation_room_pct,62.14196765589178,62.14196765589178,MATCH
funding,2021,max_hold_days,7.513516909722222,7.513516909722222,MATCH
funding,2021,max_step,10,10,MATCH
funding,2021,fees_total,81525.47624811898,81525.47624811898,MATCH
funding,2021,funding_paid_signed,5736.93561101763,5736.93561101763,MATCH
funding,2021,turnover_notional,324140074.5916991,324140074.5916991,MATCH
funding,2021,slippage_cost,5791.293499998748,5791.293499998748,MATCH
funding,2022,exit_net_return_pct,66.0455551843077,66.0455551843077,MATCH
funding,2022,marked_return_pct,66.04560346135575,66.04560346135575,MATCH
funding,2022,start_wallet,531044.813440853,531044.813440853,MATCH
funding,2022,end_wallet,881360.1115556996,881360.1115556996,MATCH
funding,2022,profit_usd,350315.2981148466,350315.2981148466,MATCH
funding,2022,max_drawdown_pct,27.199599518243765,27.199599518243765,MATCH
funding,2022,min_liquidation_room_pct,33.503118301427364,33.503118301427364,MATCH
funding,2022,max_hold_days,14.97452329861111,14.97452329861111,MATCH
funding,2022,max_step,11,11,MATCH
funding,2022,fees_total,70836.16157282023,70836.16157282023,MATCH
funding,2022,funding_paid_signed,-802.239187670848,-802.239187670848,MATCH
funding,2022,turnover_notional,281038106.8188963,281038106.8188963,MATCH
funding,2022,slippage_cost,5177.985100000629,5177.985100000629,MATCH
funding,2023,exit_net_return_pct,13.85824228311483,13.85824228311483,MATCH
funding,2023,marked_return_pct,13.857487302156034,13.857487302156034,MATCH
funding,2023,start_wallet,881360.1115556996,881360.1115556996,MATCH
funding,2023,end_wallet,1002997.1102020061,1002997.1102020061,MATCH
funding,2023,profit_usd,121636.99864630646,121636.99864630646,MATCH
funding,2023,max_drawdown_pct,9.23559256516322,9.23559256516322,MATCH
funding,2023,min_liquidation_room_pct,100.0,100.0,MATCH
funding,2023,max_hold_days,46.579622962962965,46.579622962962965,MATCH
funding,2023,max_step,9,9,MATCH
funding,2023,fees_total,26443.303170549363,26443.303170549363,MATCH
funding,2023,funding_paid_signed,5686.485683142937,5686.485683142937,MATCH
funding,2023,turnover_notional,102749289.25729692,102749289.25729692,MATCH
funding,2023,slippage_cost,2036.544299999845,2036.544299999845,MATCH
funding,2024,exit_net_return_pct,22.674381607877137,22.674381607877137,MATCH
funding,2024,marked_return_pct,22.67521808971569,22.67521808971569,MATCH
funding,2024,start_wallet,1002997.1102020061,1002997.1102020061,MATCH
funding,2024,end_wallet,1231320.9793660436,1231320.9793660436,MATCH
funding,2024,profit_usd,228323.86916403752,228323.86916403752,MATCH
funding,2024,max_drawdown_pct,36.23763429410589,36.23763429410589,MATCH
funding,2024,min_liquidation_room_pct,29.753565893932205,29.753565893932205,MATCH
funding,2024,max_hold_days,12.299320752314815,12.299320752314815,MATCH
funding,2024,max_step,11,11,MATCH
funding,2024,fees_total,48990.2835924307,48990.2835924307,MATCH
funding,2024,funding_paid_signed,10143.154843546763,10143.154843546763,MATCH
funding,2024,turnover_notional,192090682.51169562,192090682.51169562,MATCH
funding,2024,slippage_cost,3606.357300000216,3606.357300000216,MATCH
funding,2025,exit_net_return_pct,32.910365942264484,32.910365942264484,MATCH
funding,2025,marked_return_pct,32.909451987533586,32.909451987533586,MATCH
funding,2025,start_wallet,1231320.9793660436,1231320.9793660436,MATCH
funding,2025,end_wallet,1635346.2856310075,1635346.2856310075,MATCH
funding,2025,profit_usd,404025.30626496393,404025.30626496393,MATCH
funding,2025,max_drawdown_pct,35.01903483025708,35.01903483025708,MATCH
funding,2025,min_liquidation_room_pct,30.873284674671247,30.873284674671247,MATCH
funding,2025,max_hold_days,9.895369351851851,9.895369351851851,MATCH
funding,2025,max_step,11,11,MATCH
funding,2025,fees_total,83651.35701241822,83651.35701241822,MATCH
funding,2025,funding_paid_signed,6219.798922591155,6219.798922591155,MATCH
funding,2025,turnover_notional,329948741.16579306,329948741.16579306,MATCH
funding,2025,slippage_cost,6053.755099999384,6053.755099999384,MATCH
funding,2026,exit_net_return_pct,14.289244748603135,14.288084208554297,EXPLAINED
funding,2026,marked_return_pct,14.289207977446704,14.288042362682841,EXPLAINED
funding,2026,start_wallet,1635346.2856310075,1635346.2856310075,MATCH
funding,2026,end_wallet,1869120.1256251242,1869112.836824756,EXPLAINED
funding,2026,profit_usd,233773.8399941167,233766.5511937486,EXPLAINED
funding,2026,max_drawdown_pct,17.755079267346787,17.755079267346787,MATCH
funding,2026,min_liquidation_room_pct,59.477314530963774,59.477314530963774,MATCH
funding,2026,max_hold_days,12.331380300925925,12.331380300925925,MATCH
funding,2026,max_step,10,10,MATCH
funding,2026,fees_total,47668.33558867866,47668.33558867866,MATCH
funding,2026,funding_paid_signed,-131.52888279558465,-124.24008242754644,EXPLAINED
funding,2026,turnover_notional,187994777.21920562,187994777.21920562,MATCH
funding,2026,slippage_cost,3488.8873999994685,3488.8873999994685,MATCH
